{
  "name": "WhatsApp-Driven Google Drive Assistant",
  "nodes": [
    {
      "parameters": {},
      "id": "1",
      "name": "Webhook Trigger",
      "type": "n8n-nodes-base.webhook",
      "typeVersion": 1,
      "position": [240, 300]
    },
    {
      "parameters": {
        "functionCode": "const message = $json["Body"] || "";
const parts = message.trim().split(" ");
return [{ json: { command: parts[0], args: parts.slice(1) } }];"
      },
      "id": "2",
      "name": "Parse Command",
      "type": "n8n-nodes-base.function",
      "typeVersion": 1,
      "position": [460, 300]
    },
    {
      "parameters": {
        "authentication": "oAuth2",
        "operation": "list",
        "filters": {
          "q": "name contains '{{ $json.args[0] }}'"
        }
      },
      "id": "3",
      "name": "Google Drive - List",
      "type": "n8n-nodes-base.googleDrive",
      "typeVersion": 1,
      "position": [680, 300],
      "credentials": {
        "googleDriveOAuth2Api": {
          "id": "google_drive_oauth2_api",
          "name": "Google Drive OAuth2 API"
        }
      }
    },
    {
      "parameters": {
        "authentication": "predefinedCredentialType",
        "resource": "message",
        "operation": "sendMessage",
        "to": "+14155238886",
        "from": "+14155238886",
        "body": "=Listed files for {{$json.args[0]}}:
{{$json.files.map(f => f.name).join("\n")}}"
      },
      "id": "4",
      "name": "Reply via WhatsApp",
      "type": "n8n-nodes-base.twilio",
      "typeVersion": 1,
      "position": [900, 300],
      "credentials": {
        "twilioApi": {
          "id": "twilio_api",
          "name": "Twilio API"
        }
      }
    }
  ],
  "connections": {
    "Webhook Trigger": {
      "main": [
        [
          {
            "node": "Parse Command",
            "type": "main",
            "index": 0
          }
        ]
      ]
    },
    "Parse Command": {
      "main": [
        [
          {
            "node": "Google Drive - List",
            "type": "main",
            "index": 0
          }
        ]
      ]
    },
    "Google Drive - List": {
      "main": [
        [
          {
            "node": "Reply via WhatsApp",
            "type": "main",
            "index": 0
          }
        ]
      ]
    }
  }
}